id,picname,latitude,longitude,heading,pitch,zoom,title,date,rights,creator,description,other,xml_resource,photo_file,photo_file_resource,thumbnail_file,thumbnail_file_resource
1,1500001.png,23.001771,120.213154,226.71,-10.16,,大北門,1908,中央研究院臺灣史研究所,臺灣總督府官房文書課編《臺灣寫真帖》,清雍正初年興建木柵城，1736年改建為重簷歇山式屋頂之雙層石城門，又名「拱辰門」。1915年因市區改正拆除，戰後政府於原址豎立「臺灣府城大北門遺址」石柱。,,tnch1500001,tainan_old_photos/photos/001_1500001_大北門.png,p_1500001,tainan_old_photos/thumbnails/001_1500001_大北門.png,s_1500001
2,1500002.png,22.992720,120.205508,60.12,-2.88,,大正通,1935,國立臺灣圖書館,臺日社臺南支局出版《臺南市要覽》,於1910年代後期進行市區改正時闢建，連接交通門戶的臺南車站與繁華熱鬧的末廣町商業街，道路兩側種殖著鳳凰木，逢夏季花開時紅綠相間，現為中山路。,,tnch1500002,tainan_old_photos/photos/002_1500002_大正通.png,p_1500002,tainan_old_photos/thumbnails/002_1500002_大正通.png,s_1500002
3,1500003.png,22.986965,120.217627,286.34,-8.95,,大東門,1915,中央研究院臺灣史研究所,臺灣總督府民政部編《記念臺灣寫真帖》,清代每年立春前一天於城外「春牛埔」（今勝利路附近）舉行迎春禮、立春當天舉辦鞭春禮祈求農耕順利豐收。春牛埔亦為1721年朱一貴事件擊敗清軍之處，清官吏逃往內地及澎湖，朱一貴進占府城登基稱王。日後清廷於此修築大東門。,,tnch1500003,tainan_old_photos/photos/003_1500003_大東門.png,p_1500003,tainan_old_photos/thumbnails/003_1500003_大東門.png,s_1500003
4,1500004.png,22.986839,120.217459,324.22,-8.78,,東安門,1930,中央研究院臺灣史研究所,臺灣建築會編《臺灣建築會誌》第二輯第二號,大東門又名「東安門」，現為市定古蹟，位於今日東門路與勝利路交叉路口，車繞環狀道路通行。城門呈現東西走向，東、西兩側分別題字「東安門」與「迎春門」。,,tnch1500004,tainan_old_photos/photos/004_1500004_東安門.png,p_1500004,tainan_old_photos/thumbnails/004_1500004_東安門.png,s_1500004
5,1500005.png,22.987010,120.217561,286.87,-7.13,,東安門,1936,國立臺灣大學圖書館,臺灣總督府內務局《史蹟調查報告》第二輯,重簷歇山頂樣式，基座以花崗石打造，城門女兒牆開有多處槍孔，用以抵禦外敵。目前光華街與東門路一段一百五十六巷口留存東門段城垣殘蹟，推估建於1788年。,,tnch1500005,tainan_old_photos/photos/005_1500005_東安門.png,p_1500005,tainan_old_photos/thumbnails/005_1500005_東安門.png,s_1500005
6,1500006.png,22.986636,120.203644,339.84,-4.18,,大南門,1915,中央研究院臺灣史研究所,臺灣總督府民政部編《記念臺灣寫真帖》,大南門又稱「寧南門」，是昔日通往高雄、鳳山的要道。1836年於城外興築甕城，半月弧形的防禦城牆設有六門砲，具有誘敵入內、甕中捉鱉效果，是目前全臺僅存的甕城。,,tnch1500006,tainan_old_photos/photos/006_1500006_大南門.png,p_1500006,tainan_old_photos/thumbnails/006_1500006_大南門.png,s_1500006
7,1500007.png,22.986572,120.203644,340.26,-3.97,,寧南門,1936,國立臺灣大學圖書館,臺灣總督府內務局《史蹟調查報告》第二輯,臺南築城起於清雍正初年，曾以木柵、外圍種植刺竹、綠珊瑚防護禦敵，林爽文事件後在1788年大幅改造，費時三年完工，成為圖片所見重簷歇山屋頂之雙層城樓。,,tnch1500007,tainan_old_photos/photos/007_1500007_寧南門.png,p_1500007,tainan_old_photos/thumbnails/007_1500007_寧南門.png,s_1500007
8,1500008.png,22.986863,120.203580,338.67,-6.92,,大南門,1939,國立臺灣圖書館,臺南市役所《台南市要览》,清代臺南原有八座正城城門，今僅存大東門、大南門、小西門。日治1935年因舉辦臺灣博覽會整建大南門，集結明清石碑展示，並指定為「史蹟」。戰後1963年城樓中脊因大雨塌落，今已依原貌重建並公告為市定古蹟。,,tnch1500008,tainan_old_photos/photos/008_1500008_大南門.png,p_1500008,tainan_old_photos/thumbnails/008_1500008_大南門.png,s_1500008
9,1500009.png,22.986678,120.203689,330.33,-7.47,,南大門,1895-1945,中央研究院臺灣史研究所,臺北生蕃屋本店〈臺南舊都の面影南大門〉,南大門即為大南門，設有兩道城門，外圍城門題字「大南門」，第二道入城城門題字「寧南門」，自日治時期即為臺灣著名的旅遊景點之一。,,tnch1500009,tainan_old_photos/photos/009_1500009_南大門.png,p_1500009,tainan_old_photos/thumbnails/009_1500009_南大門.png,s_1500009
10,1500010.png,22.993874,120.201247,12.47,-10.44,,大宮町,1895-1945,中央研究院臺灣史研究所,費邁克集藏〈臺南市街ノ一部（大宮町一丁目）〉,清代為關帝廟街、下橫街、轅門街、磚雅橋街等街道串連，市區改正時更名為大宮町，照片中央可看見街首北端的臺南武廟，拍攝地點為大宮町與錦町交叉路口，現為永福路與民生路交叉路口。,,tnch1500010,tainan_old_photos/photos/010_1500010_大宮町.png,p_1500010,tainan_old_photos/thumbnails/010_1500010_大宮町.png,s_1500010
11,1500011.png,22.994719,120.201544,198.64,-3.86,,大宮町通,1930,國立臺灣大學圖書館,小山權太郎編纂《臺南市大觀》,大宮町位於市中心，清代為關帝廟街、下橫街、轅門街、磚雅橋街等街道串連，是最早開發的地區之一，街上有許多工商行號，照片左側為販售汽車的山田商店，右側為販售玻璃的燦興硝子店，現為永福路。,,tnch1500011,tainan_old_photos/photos/011_1500011_大宮町通.png,p_1500011,tainan_old_photos/thumbnails/011_1500011_大宮町通.png,s_1500011
12,1500012.png,22.992136,120.201842,163.69,-14.36,,小出商行,1935,國立臺灣大學圖書館,太田猛《臺灣大觀》,樓高五層，為末廣町僅次於林百貨的第二高建築，四樓以上為員工住宅，負責人為小出平左衛門，店內販售歐美舶來品、化粧品、圖書文具、運動器材等等，也發行介紹臺灣鄉土風貌的風景明信片。,,tnch1500012,tainan_old_photos/photos/012_1500012_小出商行.png,p_1500012,tainan_old_photos/thumbnails/012_1500012_小出商行.png,s_1500012
13,1500013.png,22.989566,120.197485,75.22,-6.04,,靖波門（小西門）,1936,國立臺灣大學圖書館,臺灣總督府內務局《史蹟調查報告》第二輯,築於1775年，又名「靖波門」，有祈求風平浪靜以利船隻進出之意，為單簷歇山式造型。日治時期列為「史蹟」保存，戰後因道路拓寬拆除，移往成功大學校內，旁邊留有市定古蹟臺灣府城城垣小東門段殘蹟。,,tnch1500013,tainan_old_photos/photos/013_1500013_靖波門（小西門）.png,p_1500013,tainan_old_photos/thumbnails/013_1500013_靖波門（小西門）.png,s_1500013
14,1500014.png,22.982046,120.205025,225.42,-3.50,,五妃墓,1915,中央研究院臺灣史研究所,臺灣總督府民政部編《記念臺灣寫真帖》,原名五烈墓，1683年鄭克塽降清，寧靖王將殉死心意告訴五位姬妾，她們聽聞後決定自縊共赴黃泉，寧靖王將五人下葬後也自縊身亡。1746年清廷下令修墳，並在墓前建廟祭祀，現為國定古蹟。,,tnch1500014,tainan_old_photos/photos/014_1500014_五妃墓.png,p_1500014,tainan_old_photos/thumbnails/014_1500014_五妃墓.png,s_1500014
15,1500015.png,22.982095,120.205085,232.36,-6.42,,五妃墓,1945-,中央研究院臺灣史研究所,費邁克集藏，臺灣觀光影片中心發行〈五妃墓〉,單進兩護龍式建築，原為明鄭時期1683年隨寧靖王殉死之五位姬妾的墓地，1746年由官府整修墳塚、立廟。1926年愛國婦人會臺南支部募款擴建，二戰盟軍炸燬拜亭、西廂，未損及墳地。戰後修復，1983年公告為國定古蹟。,,tnch1500015,tainan_old_photos/photos/015_1500015_五妃墓.png,p_1500015,tainan_old_photos/thumbnails/015_1500015_五妃墓.png,s_1500015
16,1500016.png,22.992554,120.199787,351.65,-17.32,,五福本店,1930,國立臺灣大學圖書館,小山權太郎編纂《臺南市大觀》,五福商店位於末廣町三丁目，樓高四層，外觀為洋式建築，立面裝飾著「福」字與五福商店的日文拼音「GOFUKUSHOTEN」，負責人為楊添賜，店內販售歐美百貨，包含化妝品、沐浴用品、留聲機等等。,,tnch1500016,tainan_old_photos/photos/016_1500016_五福本店.png,p_1500016,tainan_old_photos/thumbnails/016_1500016_五福本店.png,s_1500016
17,1500017.png,22.994230,120.205961,25.74,-4.65,,公會堂,1930,國立臺灣大學圖書館,小山權太郎編纂《臺南市大觀》,外觀為西洋巴洛克風格建築，原址為清代道光年間富紳吳尚新修築的吳園，設有庭園樓閣，以及模仿漳州城外飛來峰的假山造景，遍植花草樹木，為各界官商士紳聚會飲宴的場所。,,tnch1500017,tainan_old_photos/photos/017_1500017_公會堂.png,p_1500017,tainan_old_photos/thumbnails/017_1500017_公會堂.png,s_1500017
18,1500018.png,22.994100,120.205829,47.69,-4.53,,臺南公館,1914,中央研究院臺灣史研究所,臺灣寫真會發行《臺灣寫真帖》第參集,原為臺南富紳吳尚新修築的宅邸吳園，有花草奇石與假山泉潭，於1910年改建，增加了洋館建築、日式房舍、舞臺等等，以及附屬的臺南圖書館，供市民社交集會利用。,,tnch1500018,tainan_old_photos/photos/018_1500018_臺南公館.png,p_1500018,tainan_old_photos/thumbnails/018_1500018_臺南公館.png,s_1500018
19,1500019.png,22.997012,120.204354,263.56,-12.82,,六安醫院,1930,國立臺灣大學圖書館,小山權太郎編纂《臺南市大觀》,位於白金町四丁目（三四境街），院長為黃國棟醫師，畢業於臺北醫學專門學校、日本醫科大學，擅長內科與小兒科。,,tnch1500019,tainan_old_photos/photos/019_1500019_六安醫院.png,p_1500019,tainan_old_photos/thumbnails/019_1500019_六安醫院.png,s_1500019
20,1500020.png,22.990079,120.204369,77.47,1.03,,孔子廟,1938,中央研究院臺灣史研究所,山崎鋆一郎著《臺灣の風光》,孔子廟是目前臺南留存最完整的傳統閩南建築群，大成坊分成東西兩座，每座上方各有六個燕尾，造型特殊。東大成坊現為廟宇總入口，向外懸有「全臺首學」匾額。圖中水池可能為孔廟前方常見的半圓形「泮池」。,,tnch1500020,tainan_old_photos/photos/020_1500020_孔子廟.png,p_1500020,tainan_old_photos/thumbnails/020_1500020_孔子廟.png,s_1500020
21,1500021.png,22.990376,120.204131,346.07,-9.90,,臺南孔子廟大成殿,1915,中央研究院臺灣史研究所,臺灣寫真會發行《臺灣寫真帖》第四集,大成殿是廟中層級最高的建物，前方露臺為祭孔儀式表演佾舞的地方。「大成」指孔子集學問之大成，每年春、秋兩季遵循古禮舉行祭典，以舞樂、牲酒祭品表達對孔子崇敬之意。,,tnch1500021,tainan_old_photos/photos/021_1500021_臺南孔子廟大成殿.png,p_1500021,tainan_old_photos/thumbnails/021_1500021_臺南孔子廟大成殿.png,s_1500021
22,1500022.png,22.990316,120.204119,2.41,0.04,,孔子廟,1930,國立臺灣大學圖書館,小山權太郎編纂《臺南市大觀》,明鄭時期1665年陳永華倡議興建，為當時全臺首學、最高學府。清代多次修築擴建，規模達到顛峰。日治曾作為日軍屯駐所與公學校等用途，1917年解體重建形成今日範圍。二戰遭轟炸嚴重受損，戰後政府數次整修，現為國定古蹟。,,tnch1500022,tainan_old_photos/photos/022_1500022_孔子廟.png,p_1500022,tainan_old_photos/thumbnails/022_1500022_孔子廟.png,s_1500022
23,1500023.png,22.990370,120.204056,6.35,-8.41,,臺南孔子廟,1895-1945,中央研究院臺灣史研究所,費邁克集藏〈臺南孔子廟〉,臺南孔子廟為三進兩廂之三合院建築，遵循前殿後閣、左學右廟格局。東邊立有全臺文廟唯一的泮宮石坊，刻畫雙龍、石獅、琴棋書畫等雕飾，原為孔廟最外層的入口，因開闢南門路向東移。,,tnch1500023,tainan_old_photos/photos/023_1500023_臺南孔子廟.png,p_1500023,tainan_old_photos/thumbnails/023_1500023_臺南孔子廟.png,s_1500023
24,1500024.png,22.997449,120.211712,308.22,-16.87,,日本勸業銀行臺南支店,1930,國立臺灣大學圖書館,小山權太郎編纂《臺南市大觀》,日本勸業銀行以振興實業為目的，提供農業、工業、商業貸款，於1928年在三井物產原址設立臺南支店，外觀為洋式建築，設有圓塔樓，戰後改為中華日報社，於1981年拆除改建為現貌。,,tnch1500024,tainan_old_photos/photos/024_1500024_日本勸業銀行臺南支店.png,p_1500024,tainan_old_photos/thumbnails/024_1500024_日本勸業銀行臺南支店.png,s_1500024
25,1500025.png,22.992795,120.200942,99.69,1.25,,臺南市役所,1935,國立臺灣圖書館,臺日社臺南支局出版《臺南市要覽》,清代為臺澎兵備道署所在地，位於當時的十字街西定坊，日治時期曾用於臺南縣廳、臺南廳、警務廳等政府部門的辦公場所，1930年代改為臺南市役所（即市政府），戰後改為永福國小。,,tnch1500025,tainan_old_photos/photos/025_1500025_臺南市役所.png,p_1500025,tainan_old_photos/thumbnails/025_1500025_臺南市役所.png,s_1500025
26,1500026.png,22.992061,120.202193,155.76,-7.13,,銀座通,1939,中央研究院臺灣史研究所,日本旅行協會臺灣支部編纂《臺灣鐵道旅行案內》昭和十四年版,林百貨旁邊的「林商行前」巴士站，當時臺灣各大城市陸續開始營運市內公共巴士，總督府交通局也設立行駛於西部縱貫線的局營巴士，讓臺灣城市之間的公路運輸交通出現了全新的發展。,,tnch1500026,tainan_old_photos/photos/026_1500026_銀座通.png,p_1500026,tainan_old_photos/thumbnails/026_1500026_銀座通.png,s_1500026
27,1500027.png,22.991964,120.202271,330.25,-6.87,,臺南銀座,1940,中央研究院臺灣史研究所,日本旅行協會臺灣支部編纂《臺灣鐵道旅行案內》昭和十五年版,末廣町北側的店鋪，照片中為穿著深色長袖水手服樣式制服的女學校學生，臺南當時有州立第一高等女學校、第二高等女學校，以及私立的長老教女學校、家齊女學校等多所女子學校。,,tnch1500027,tainan_old_photos/photos/027_1500027_臺南銀座.png,p_1500027,tainan_old_photos/thumbnails/027_1500027_臺南銀座.png,s_1500027
28,1500028.png,22.992028,120.202349,168.95,-2.24,,臺南銀座,1942,中央研究院臺灣史研究所,臺灣總督府交通局鐵道部編纂《臺灣鐵道旅行案內》,林百貨前的臺南市內公共巴士，為採購自美國的雪佛蘭（Chevrolet）巴士，此型巴士後來改為採購引擎與底盤，在日本組裝生產，照片中也可看到馬車、腳踏車等其他交通工具。,,tnch1500028,tainan_old_photos/photos/028_1500028_臺南銀座.png,p_1500028,tainan_old_photos/thumbnails/028_1500028_臺南銀座.png,s_1500028
29,1500029.png,22.992053,120.203025,244.76,-6.48,,臺南銀座,1939,中央研究院臺灣史研究所,臺灣總督府交通局鐵道部《風光台湾》,林百貨為末廣町商店街的地標，為日人林方一投資經營，一樓到四樓為百貨賣場，四樓與五樓設有玩具店與食堂，六樓有瞭望臺、塔樓與電梯機械室，以及祈求生意興隆的稻荷神社，可從樓頂眺望臺南市區的景色。,,tnch1500029,tainan_old_photos/photos/029_1500029_臺南銀座.png,p_1500029,tainan_old_photos/thumbnails/029_1500029_臺南銀座.png,s_1500029
30,1500030.png,22.991929,120.202696,245.20,-16.72,,末廣町南側店鋪,1932,中央研究院臺灣史研究所,臺灣建築會編《臺灣建築會誌》第四輯第六號,於1931年修築的末廣町商店街，建築樣式採統一設計，為折衷樣式的鋼筋混凝土建築，外觀為人造洗石子，在林百貨與小出商行的塔樓與旗竿上設有避雷針，以防雷擊引起火災。,,tnch1500030,tainan_old_photos/photos/030_1500030_末廣町南側店鋪.png,p_1500030,tainan_old_photos/thumbnails/030_1500030_末廣町南側店鋪.png,s_1500030
31,1500031.png,22.991916,120.202523,336.30,-7.36,,末廣町北側店鋪,1932,中央研究院臺灣史研究所,臺灣建築會編《臺灣建築會誌》第四輯第六號,末廣町商店街設計者為臺灣總督府技師梅澤捨次郎，由田村組負責建造工事，北側均為三層樓建築，一樓為招待顧客的店面，二三樓則作為事務所、住宅、倉庫等各項用途。,,tnch1500031,tainan_old_photos/photos/031_1500031_末廣町北側店鋪.png,p_1500031,tainan_old_photos/thumbnails/031_1500031_末廣町北側店鋪.png,s_1500031
32,1500032.png,22.991971,120.202705,252.73,-11.88,,臺南銀座通,1939,國立臺灣大學圖書館,臺灣電力株式會社《臺灣電力の展望》,臺南市1930年代最新穎時髦的商店購物街，街道兩旁有百貨店、書店、藥局、食品批發商、喫茶店、照相館、攝影器材店、留聲機店、腳踏車店等等，為旅遊指南上的重點推薦之處。,,tnch1500032,tainan_old_photos/photos/032_1500032_臺南銀座通.png,p_1500032,tainan_old_photos/thumbnails/032_1500032_臺南銀座通.png,s_1500032
33,1500033.png,22.992128,120.203303,202.88,-10.62,,臺南銀座,1935,國立臺灣大學圖書館,小川嘉一編《臺灣鐵道旅行案內》,末廣町一丁目，最左側的建築為山田齒科醫院，其次為販售和洋圖書雜誌的崇文堂書店，右側為二丁目的地標林百貨，是臺南第一家現代百貨公司，販售美容化妝品、鞋帽服飾等等新潮用品。,,tnch1500033,tainan_old_photos/photos/033_1500033_臺南銀座.png,p_1500033,tainan_old_photos/thumbnails/033_1500033_臺南銀座.png,s_1500033
34,1500034.png,22.992255,120.201251,95.83,-0.76,,末廣町通,1934,國立臺灣圖書館,臺南市勸業協會《臺南市商工案內》,末廣町二丁目的新建商店街，為當時臺南市內觀光地標之一，北側均為三層樓建築，南側有六層樓的林百貨與五層樓的小出商行，在二戰時曾遭美軍飛機掃射，部分建築物受損。,,tnch1500034,tainan_old_photos/photos/034_1500034_末廣町通.png,p_1500034,tainan_old_photos/thumbnails/034_1500034_末廣町通.png,s_1500034
35,1500035.png,22.992072,120.203100,270.66,-6.25,,末廣町銀座街,1939,國立臺灣圖書館,臺南市役所《台南市要览》,左側為正在舉行特賣活動的林百貨，中間為經營舶來品、圖書文具、運動器材的小出商行，右側為日本勸業銀行臺南支店，建築造型與臺北支店相似，新穎繁華的末廣町商店街當時有著臺南銀座的美名。,,tnch1500035,tainan_old_photos/photos/035_1500035_末廣町銀座街.png,p_1500035,tainan_old_photos/thumbnails/035_1500035_末廣町銀座街.png,s_1500035
36,1500036.png,22.992202,120.203574,252.35,-5.21,,臺南名所銀座通,1895-1945,中央研究院臺灣史研究所,費邁克集藏〈臺南名勝繪葉書〉,左側建築為臺南庶民信用組合，提供小額信貸服務，緊臨的是山田齒科醫院與崇文堂書店，以及庶民組合的巴士站牌，中間為地標樓高六層的林百貨，右側為1937年興建的日本勸業銀行臺南支店。,,tnch1500036,tainan_old_photos/photos/036_1500036_臺南名所銀座通.png,p_1500036,tainan_old_photos/thumbnails/036_1500036_臺南名所銀座通.png,s_1500036
37,1500037.png,22.992156,120.201743,113.63,-4.96,,末廣町,1895-1945,中央研究院臺灣史研究所,費邁克集藏〈臺南‧末廣町の街景〉,末廣町於1931年興築的新商業街，將原本的街屋拆除重建，建築均為鋼筋混凝土結構，設有電燈、電扇等電力設備，總工程費達四十五萬圓，街道兩側種植椰子樹，顯現南國都市風情。,,tnch1500037,tainan_old_photos/photos/037_1500037_末廣町.png,p_1500037,tainan_old_photos/thumbnails/037_1500037_末廣町.png,s_1500037
38,1500038.png,22.992215,120.201447,110.59,-2.22,,臺南銀座通,1895-1945,中央研究院臺灣史研究所,費邁克集藏〈（臺南名所）臺南驛全景、臺南銀座通り〉,臺南市區改正時，於1927年由民間行號發起，計畫集資興建住商合一的商店街，原先聚集了百餘位投資參與者，但因為經濟大蕭條等種種因素，到1931年方才著手設計施工，於隔年完工。,,tnch1500038,tainan_old_photos/photos/038_1500038_臺南銀座通.png,p_1500038,tainan_old_photos/thumbnails/038_1500038_臺南銀座通.png,s_1500038
39,1500039.png,22.995387,120.201863,110.74,-7.49,,本町通,1930,國立臺灣大學圖書館,小山權太郎編纂《臺南市大觀》,清代時為鞋街、打鐵街、草花街、竹仔街、帽仔街等街道，其歷史可追溯至荷蘭時期的普羅民遮街，為臺南市區中最古老的街道之一，後來在街道中增建了市場，有許多民生店舖於此經營，在日治時期市場被拆除，現為民權路。,,tnch1500039,tainan_old_photos/photos/039_1500039_本町通.png,p_1500039,tainan_old_photos/thumbnails/039_1500039_本町通.png,s_1500039
40,1500040.png,22.988391,120.199058,160.42,-3.30,,臺南刑務所,1930,國立臺灣大學圖書館,小山權太郎編纂《臺南市大觀》,1896年創設於臺南城內太子街（泉町），改建自清代軍火庫，原名「臺南監獄署」，1924年更名「臺南刑務所」，在當時是規模僅次於臺北的大型監獄。戰後沿用至1983年新獄完工，現址為飯店與百貨公司。,,tnch1500040,tainan_old_photos/photos/040_1500040_臺南刑務所.png,p_1500040,tainan_old_photos/thumbnails/040_1500040_臺南刑務所.png,s_1500040
41,1500041.png,22.989798,120.201010,157.62,-16.27,,臺南地方法院,1915,中央研究院臺灣史研究所,臺灣總督府民政部編《記念臺灣寫真帖》,建於1912年，1915年噍吧哖事件審判地，原址在清代為馬兵營、連橫故居。戰後沿用至2001年搬遷新址，見證了白色恐怖、戒嚴後期民眾抗爭等司法史，是全臺僅存之日治時期大型地方法院建築，現為國定古蹟。,,tnch1500041,tainan_old_photos/photos/041_1500041_臺南地方法院.png,p_1500041,tainan_old_photos/thumbnails/041_1500041_臺南地方法院.png,s_1500041
42,1500042.png,22.989717,120.201400,219.24,-4.47,,臺南地方法院,1915,中央研究院臺灣史研究所,臺灣寫真會發行《臺灣寫真帖》第八集,巴洛克建築風格，八角形圓頂飾有老虎窗與牛眼窗。馬薩式屋頂內為西式木屋架構造。精緻的門廊與華麗的門廳，皆屬日治建築之冠，與總統府、臺灣博物館並稱為日治時期臺灣三大建築。,,tnch1500042,tainan_old_photos/photos/042_1500042_臺南地方法院.png,p_1500042,tainan_old_photos/thumbnails/042_1500042_臺南地方法院.png,s_1500042
43,1500043.png,22.993744,120.192575,81.36,-9.91,,安平運河,1935,國立臺灣圖書館,臺日社臺南支局出版《臺南市要覽》,臺南通往安平港的水道運河在清末逐漸淤積，潮水低潮時船舶阻塞不易通行，日治初期先著手疏濬拓寬，後來又配合安平築港規劃改道，但因所需資金龐大，當局以撥款與增課特別稅等方式籌資，耗費數年方完工。,,tnch1500043,tainan_old_photos/photos/043_1500043_安平運河.png,p_1500043,tainan_old_photos/thumbnails/043_1500043_安平運河.png,s_1500043
44,1500044.png,22.992864,120.205489,124.06,-4.54,,江頭齒科醫院,1930,國立臺灣大學圖書館,小山權太郎編纂《臺南市大觀》,於1923年在圓環旁邊大正町開業的江頭齒科醫院，院長為日本佐賀縣出生的江頭照治，畢業於東京齒科，照片中在外牆上有著「DENTAL OFFICE」即「牙科診所」的英文。,,tnch1500044,tainan_old_photos/photos/044_1500044_江頭齒科醫院.png,p_1500044,tainan_old_photos/thumbnails/044_1500044_江頭齒科醫院.png,s_1500044
45,1500045.png,22.976399,120.207060,76.26,-4.71,,竹溪寺,1915,中央研究院臺灣史研究所,臺灣寫真會發行《臺灣寫真帖》第拾集,興建於1660年代，另一說法為1684年。1927年整修為中西折衷樣式。寺中紅獅和六牙白象雕塑引人注目。主殿供奉釋迦牟尼佛、藥師佛與阿彌陀佛三寶佛，「了然世界」匾額寓意細觀大千，洞悉萬物，為臺南三大名匾之一。,,tnch1500045,tainan_old_photos/photos/045_1500045_竹溪寺.png,p_1500045,tainan_old_photos/thumbnails/045_1500045_竹溪寺.png,s_1500045
46,1500046.png,22.994098,120.199077,234.69,-4.33,,西市場,1915,中央研究院臺灣史研究所,臺灣總督府民政部編《記念臺灣寫真帖》,設立於1905年，繼臺北市場後於1911年也設立了冷藏庫，提供本地與進口的牛肉、豬肉、魚類、蔬菜冷藏服務，另外鋪設了輕便鐵道，以運送城南的蔬果與屠宰場的畜肉。,,tnch1500046,tainan_old_photos/photos/046_1500046_西市場.png,p_1500046,tainan_old_photos/thumbnails/046_1500046_西市場.png,s_1500046
47,1500047.png,22.993533,120.197491,68.24,0.39,,西市場,1915,中央研究院臺灣史研究所,臺灣寫真會發行《臺灣寫真帖》第七集,西市場曾於1911年夏季遭到颱風吹毀，於隔年重建，後續不斷有改裝與增建，市場外曾有廣場與池塘，並種殖林木供遊憩納涼，於晚間舉辦電影、煙火等活動，以及設立夜市吸引人潮。,,tnch1500047,tainan_old_photos/photos/047_1500047_西市場.png,p_1500047,tainan_old_photos/thumbnails/047_1500047_西市場.png,s_1500047
48,1500048.png,22.993998,120.198967,244.32,-4.45,,西市場,1912-1926,中央研究院臺灣史研究所,費邁克集藏，宮城屋商店發行〈臺南西市場〉,臺南西市場的舊貌，為鋼筋混凝土建造，入口中央的主建築屋頂為法國馬薩建築風格，設有三面老虎窗與半圓型山牆，東北兩翼延伸為Ｌ型的店舖，設有天窗，東翼主要販售肉類，北翼主要販售蔬果。,,tnch1500048,tainan_old_photos/photos/048_1500048_西市場.png,p_1500048,tainan_old_photos/thumbnails/048_1500048_西市場.png,s_1500048
49,1500049.png,22.991977,120.208593,36.44,-1.09,,西來庵,1915,中央研究院臺灣史研究所,臺灣寫真會發行《臺灣寫真帖》第拾貳集附製糖號,西來庵說法為清道光年間創建，臺灣總督府檔案則記載1911年修建。1915年發生噍吧哖事件，余清芳等人在此密謀抗日，失敗告終，西來庵遭拆毀充公。戰後於正興街重建，因政府徵收土地，2001年遷至大興街，主祀五福大帝。,,tnch1500049,tainan_old_photos/photos/049_1500049_西來庵.png,p_1500049,tainan_old_photos/thumbnails/049_1500049_西來庵.png,s_1500049
50,1500050.png,23.000972,120.214502,99.13,-4.47,,臺南步兵第二聯隊,1930,國立臺灣大學圖書館,小山權太郎編纂《臺南市大觀》,日治時期駐守臺灣本島的陸軍部隊，第一聯隊駐於臺北，第二聯隊駐於臺南，以濁水溪分劃守備區域，戰後由國軍接收，改為陸軍臺南光復營區，於1966年撥交轉售予成功大學，現為成大光復校區。,,tnch1500050,tainan_old_photos/photos/050_1500050_臺南步兵第二聯隊.png,p_1500050,tainan_old_photos/thumbnails/050_1500050_臺南步兵第二聯隊.png,s_1500050
51,1500051.png,22.997811,120.202525,146.47,-16.91,,赤崁樓,1938,中央研究院臺灣史研究所,山崎鋆一郎著《臺灣の風光》,1652年發生郭懷一事件，隔年荷人興建「普羅民遮城」（Provintia），1655年完工，防止暴動再起並作為商業行政中心。「赤崁樓」名稱由來，一說以赤磚為建材得名，另有說法因位在赤崁地區。由於是荷蘭人所建，又名紅毛樓。,,tnch1500051,tainan_old_photos/photos/051_1500051_赤崁樓.png,p_1500051,tainan_old_photos/thumbnails/051_1500051_赤崁樓.png,s_1500051
52,1500052.png,22.997544,120.202225,94.98,-8.91,,赤崁樓,1914,中央研究院臺灣史研究所,臺灣寫真會發行《臺灣寫真帖》第壹集,鄭成功1661年攻下赤崁樓，荷蘭人敗退離臺後，此處改為軍械火藥儲藏庫。1721年朱一貴事件反清分子拆除鐵製門額鑄造兵器，此後建物屢遭破壞，直到1750年清廷修護開放參觀，贏得府城八景「赤崁夕照」美譽。,,tnch1500052,tainan_old_photos/photos/052_1500052_赤崁樓.png,p_1500052,tainan_old_photos/thumbnails/052_1500052_赤崁樓.png,s_1500052
53,1500053.png,22.997628,120.202260,108.79,-11.87,,赤崁樓,1932,國立臺灣大學圖書館,臺灣總督府《臺灣事情》昭和七年版,清代十九世紀後半葉增建大士殿、蓬壺書院、文昌閣、五子祠與海神廟。日治時期曾作為陸軍衛戍病院、總督府國語學校臺南分校、總督府臺南師範學校校舍。戰後修復並公告為國定古蹟。,,tnch1500053,tainan_old_photos/photos/053_1500053_赤崁樓.png,p_1500053,tainan_old_photos/thumbnails/053_1500053_赤崁樓.png,s_1500053
54,1500054.png,22.997454,120.202759,312.66,-11.22,,赤崁樓,1930,國立臺灣大學圖書館,小山權太郎編纂《臺南市大觀》,目前尚留存海神廟、文昌閣及荷式建築遺跡，另有九座贔屭碑文，是1788年平定林爽文事件，皇帝特頒以滿、漢文鑴刻的記功碑，原立於福康安生祠（今南門路附近，已不存），1935年移往大南門，戰後遷至赤崁樓存放。,,tnch1500054,tainan_old_photos/photos/054_1500054_赤崁樓.png,p_1500054,tainan_old_photos/thumbnails/054_1500054_赤崁樓.png,s_1500054
55,1500055.png,22.997780,120.202428,136.60,-12.44,,赤崁樓,1935,國立臺灣圖書館,臺日社臺南支局出版《臺南市要覽》,1946年曾為「臺南市立歷史館」，收集三十多件石碑，另有清代石器數件、石馬等古物。海神廟與文昌閣之間的半月井，傳說建有地道，內藏珍寶、毒蛇，1990年在市府與學者探究挖掘之下，破解了多年來的傳聞。,,tnch1500055,tainan_old_photos/photos/055_1500055_赤崁樓.png,p_1500055,tainan_old_photos/thumbnails/055_1500055_赤崁樓.png,s_1500055
56,1500056.png,22.992490,120.204554,75.99,-11.48,,兒玉公園,1930,國立臺灣大學圖書館,小山權太郎編纂《臺南市大觀》,位在市中心重要道路匯集之圓環，建於1911年，原名大正公園，當時設有總督兒玉源太郎雕像，又稱兒玉公園。戰後曾名「民生綠園」，1998年為紀念二二八事件在此遭槍決的湯德章律師，更名湯德章紀念公園，現為市定古蹟。,,tnch1500056,tainan_old_photos/photos/056_1500056_兒玉公園.png,p_1500056,tainan_old_photos/thumbnails/056_1500056_兒玉公園.png,s_1500056
57,1500057.png,22.991958,120.204921,86.14,-6.03,,兩廣會館（博物館）,1912-1926,中央研究院臺灣史研究所,費邁克集藏〈（臺南名所）兩廣會館（博物館）〉,博物蒐藏家柏木直平於1917年曾在此舉辦博物展覽會，後來1922年臺南神社擴建時，臺南州廳將原本位於神社的博物館遷移至兩廣會館展出，其中包含動植物標本、美術工藝品、原住民相關等等數千件展覽品與圖書。,,tnch1500057,tainan_old_photos/photos/057_1500057_兩廣會館（博物館）.png,p_1500057,tainan_old_photos/thumbnails/057_1500057_兩廣會館（博物館）.png,s_1500057
58,1500058.png,22.991864,120.204914,51.61,-3.27,,兩廣會館,1895-1945,中央研究院臺灣史研究所,費邁克集藏〈臺南‧異色ある兩廣會館〉,原稱嶺南公所，位於龍王廟附近，清代光緒初由臺灣鎮總兵吳光亮與福建巡撫岑毓英倡議，集粵東粵西同鄉出資改建，更名為兩廣會館，第四任總督兒玉源太郎曾在此與臺南士紳聚會，二戰時遭美軍轟炸損毀。,,tnch1500058,tainan_old_photos/photos/058_1500058_兩廣會館.png,p_1500058,tainan_old_photos/thumbnails/058_1500058_兩廣會館.png,s_1500058
59,1500059.png,22.992049,120.204927,130.21,-3.45,,臺南中學校假校舍,1914,中央研究院臺灣史研究所,臺灣寫真會發行《臺灣寫真帖》第參集,臺南廳曾於1908年在兩廣會館設立臺南幼稚園，後來又用於臺南廳財務課、防疫部、長生醫院、夜學會等種種辦公用途，1914年設立臺南中學校時，由於校舍尚未完工，因此暫時在此地授課，並兼作為中學校的職員宿舍。,,tnch1500059,tainan_old_photos/photos/059_1500059_臺南中學校假校舍.png,p_1500059,tainan_old_photos/thumbnails/059_1500059_臺南中學校假校舍.png,s_1500059
60,1500060.png,22.997450,120.212207,50.09,2.17,,蓬萊咖啡館,1930,國立臺灣大學圖書館,小山權太郎編纂《臺南市大觀》,位於臺南車站前的蓬萊咖啡館，招牌寫著店內提供的各種食品飲料，如惠比壽啤酒、蜜豆等等，臺灣在1920年代中後期開始盛行喫茶店與咖啡店，當時為時髦新潮的聚會場所。,,tnch1500060,tainan_old_photos/photos/060_1500060_蓬萊咖啡館.png,p_1500060,tainan_old_photos/thumbnails/060_1500060_蓬萊咖啡館.png,s_1500060
61,1500061.png,22.987784,120.208288,274.92,-6.18,,延平郡王祠,1945-,中央研究院臺灣史研究所,費邁克集藏〈延平郡王祠〉,日治時期為開山神社，牌坊是戰後1947年白崇禧所題柱聯，1960年代由黃典權結合鄭成功傳說與事蹟修改，成為圖中「孤臣秉孤忠五馬奔江留取汗青垂宇宙，正人扶正義七鯤拓土莫將成敗論英雄」。,,tnch1500061,tainan_old_photos/photos/061_1500061_延平郡王祠.png,p_1500061,tainan_old_photos/thumbnails/061_1500061_延平郡王祠.png,s_1500061
62,1500062.png,22.986523,120.203604,135.39,-18.92,,放送局,1935,國立臺灣圖書館,臺日社臺南支局出版《臺南市要覽》,市定古蹟，建於1932年，日治時期全臺最南方的放送單位。建物坐南朝北與大南門相對，是臺灣建築邁向現代主義過渡風格的代表作品。戰後曾由中國廣播公司接管，現為臺南市南門電影書院，推動影像教育、影視文化產業。,,tnch1500062,tainan_old_photos/photos/062_1500062_放送局.png,p_1500062,tainan_old_photos/thumbnails/062_1500062_放送局.png,s_1500062
63,1500063.png,22.998879,120.203776,237.59,-13.63,,明治公學校,1930,國立臺灣大學圖書館,小山權太郎編纂《臺南市大觀》,公學校入學對象以臺灣本島人為主。此校創建於1912年，原為臺南女子公學校，初期設在育英堂，「月夜愁」演唱者林氏好即畢業於此。1924年遷至現址，四年後更名為明治公學校，1937年改為男女合校，現為成功國小。,,tnch1500063,tainan_old_photos/photos/063_1500063_明治公學校.png,p_1500063,tainan_old_photos/thumbnails/063_1500063_明治公學校.png,s_1500063
64,1500064.png,22.990842,120.203767,234.11,-8.89,,武德殿,1939,國立臺灣圖書館,臺南市役所《台南市要览》,原位於湯德章紀念公園東側，1936年遷至現址重建，二樓東半部劍道場、西半部柔道場是主要的利用範圍。一樓設有事務室、會議室、教師室、更衣室、盥洗室等附屬空間。現為市定古蹟、忠義國小禮堂。,,tnch1500064,tainan_old_photos/photos/064_1500064_武德殿.png,p_1500064,tainan_old_photos/thumbnails/064_1500064_武德殿.png,s_1500064
65,1500065.png,22.990848,120.203168,141.88,-4.89,,武德殿,1895-1945,中央研究院臺灣史研究所,費邁克集藏〈（臺南名所）神々しい臺南神社外苑より武德殿を望む〉,仿木構造之日式社殿風格和風建築，在國內現存同類型的建物當中，極具特殊性及代表性。日本於1895年成立武德會，屬於民間團體，但由官方警察體系推廣，並作為訓練場所，也提供民眾習武用途。,,tnch1500065,tainan_old_photos/photos/065_1500065_武德殿.png,p_1500065,tainan_old_photos/thumbnails/065_1500065_武德殿.png,s_1500065
66,1500066.png,22.983693,120.209745,309.60,-2.22,,法華寺,1895-1945,中央研究院臺灣史研究所,費邁克集藏〈（臺南名所）法華寺〉,市定古蹟，原明鄭參軍李茂春住所「夢蝶園」，現留存陳永華贈與的石碑「夢蝶園記」。1684年改建為佛寺，取名「法華寺」，日後加建池塘、半月樓與學堂等設施。今所見為戰後重建之水泥仿木結構建築，規模大幅縮小。,,tnch1500066,tainan_old_photos/photos/066_1500066_法華寺.png,p_1500066,tainan_old_photos/thumbnails/066_1500066_法華寺.png,s_1500066
67,1500067.png,22.989198,120.203913,199.06,-9.11,,南門市場,1930,國立臺灣大學圖書館,小山權太郎編纂《臺南市大觀》,日治初期臺南市原設有東西兩大市場，但因人口眾多購買不便，陸續增設了幾座小市場，南門市場於1929年興建，設計容納二十間店舖，販賣鮮魚、牛肉豬肉、蔬果、雜貨等等。,,tnch1500067,tainan_old_photos/photos/067_1500067_南門市場.png,p_1500067,tainan_old_photos/thumbnails/067_1500067_南門市場.png,s_1500067
68,1500068.png,22.993500,120.198890,95.13,-13.39,,宮古座,1930,國立臺灣大學圖書館,小山權太郎編纂《臺南市大觀》,於1928年興建的宮古座為新式劇場，由高橋順三郎負責建造，可容納七百名觀眾，有許多日本劇團、本地劇團曾在宮古座表演，也放映電影，各界活動經常在此舉辦，1933年曾遭人縱火，戰後改為延平戲院。,,tnch1500068,tainan_old_photos/photos/068_1500068_宮古座.png,p_1500068,tainan_old_photos/thumbnails/068_1500068_宮古座.png,s_1500068
69,1500069.png,22.985260,120.207966,178.29,3.29,,臺南師範學校,1924,國立臺灣大學圖書館,臺灣總督府《臺灣事情》大正十三年版,學校設立於1899年，校舍借用三山國王廟，1918年遷至赤崁樓，1922年現址校區完工啟用，以紅磚為主建材，造型樸素典雅。二戰遭砲擊損毀，戰後依原貌修建，現為市定古蹟、臺南大學行政及教學大樓「紅樓」。,,tnch1500069,tainan_old_photos/photos/069_1500069_臺南師範學校.png,p_1500069,tainan_old_photos/thumbnails/069_1500069_臺南師範學校.png,s_1500069
70,1500070.png,22.997834,120.204677,80.84,-12.42,,泰安商行,1930,國立臺灣大學圖書館,小山權太郎編纂《臺南市大觀》,位於臺南市白金町五丁目三番地，店主為楊南海，出身於糖業家族，年青時即投入商業，先在高雄新濱町開店，專營砂糖、麥粉、肥料等等，業務擴及進口貿易，後來又在臺南開設新店，外牆上標有英文名「TAIAN」。,,tnch1500070,tainan_old_photos/photos/070_1500070_泰安商行.png,p_1500070,tainan_old_photos/thumbnails/070_1500070_泰安商行.png,s_1500070
71,1500071.png,22.992298,120.204177,20.36,-8.53,,臺南市御大典記念塔（消防組詰所）,1930,國立臺灣大學圖書館,小山權太郎編纂《臺南市大觀》,為了記念1928年昭和天皇即位而興建，由臺南市當局自行設計，再由臺灣總督府技師井手薰審核調整，於1930年完工啟用，建築包含六層樓的觀矙塔樓，以及消防值班所，塔樓上懸掛火災報警用的警鐘。,,tnch1500071,tainan_old_photos/photos/071_1500071_臺南市御大典記念塔（消防組詰所）.png,p_1500071,tainan_old_photos/thumbnails/071_1500071_臺南市御大典記念塔（消防組詰所）.png,s_1500071
72,1500072.png,22.989675,120.213969,167.07,-2.49,,臺南舊神學校,1942,國立臺灣大學圖書館,東都書籍株式會社臺北支店《民俗臺灣》第貳卷下,臺南神學校創辦自1876年，1903年擴建新校舍，即今日「本館」，中央六角尖塔、左右對稱設計，現為市定古蹟。1913年改名臺南神學校，1940年政府要求任用日人為校長，校方不願接受選擇關閉。1948年復校更名臺南神學院。,,tnch1500072,tainan_old_photos/photos/072_1500072_臺南舊神學校.png,p_1500072,tainan_old_photos/thumbnails/072_1500072_臺南舊神學校.png,s_1500072
73,1500073.png,22.995268,120.202233,169.18,-14.24,,高島愛生堂,1930,國立臺灣大學圖書館,小山權太郎編纂《臺南市大觀》,愛生堂店主為高島鈴三郎，於日治初期來臺，開設藥店販售西藥，又投資棉花、釀酒、石灰、製冰等產業，1925年他將藥店改裝為食堂與喫茶部，提供咖啡飲料、西洋點心與各式料理，愛生堂氣派的歐式建築風格是本町的地標之一。,,tnch1500073,tainan_old_photos/photos/073_1500073_高島愛生堂.png,p_1500073,tainan_old_photos/thumbnails/073_1500073_高島愛生堂.png,s_1500073
74,1500074.png,22.996512,120.219274,31.85,-2.67,,臺南高等工業學校,1934,中央研究院臺灣史研究所,臺灣建築會編《臺灣建築會誌》第六輯第三號,高等工業學校為成功大學前身，是當時直屬總督府的專門學校之一。本館建於1933年，作為行政大樓使用；採一字型平面，中央兩層，左右兩翼一層。後方為講堂，兩棟建築皆為創校的重要建築。,,tnch1500074,tainan_old_photos/photos/074_1500074_臺南高等工業學校.png,p_1500074,tainan_old_photos/thumbnails/074_1500074_臺南高等工業學校.png,s_1500074
75,1500075.png,22.996062,120.210601,125.77,-14.19,,臺南州商品陳列館,1935,國立臺灣圖書館,臺日社臺南支局出版《臺南市要覽》,最早由民間發起，設立於臺南西市場，但效益不彰，1923年當局決定修築新的商品陳列館，多方討論後，選址於臺南車站周邊的大正町一丁目，於1926年底落成啟用，戰後改為臺灣高等法院臺南分院，後因白河大地震毀損而拆除重建。,,tnch1500075,tainan_old_photos/photos/075_1500075_臺南州商品陳列館.png,p_1500075,tainan_old_photos/thumbnails/075_1500075_臺南州商品陳列館.png,s_1500075
76,1500076.png,22.996118,120.210690,140.63,-15.05,,臺南歷史館,1936,國立臺灣大學圖書館,細谷真美館《始政四十周年記念臺灣博覽會》,臺南商品陳列館原先是用於舉辦農產品、加工產品的商業展覽活動，臺灣總督府於1935年舉辦臺灣博覽會，將臺南商品陳列館暫改為臺灣歷史館第一會場，在此陳列歷史文物，並邀請專家學者舉辦學術演講與座談會。,,tnch1500076,tainan_old_photos/photos/076_1500076_臺南歷史館.png,p_1500076,tainan_old_photos/thumbnails/076_1500076_臺南歷史館.png,s_1500076
77,1500077.png,22.999079,120.212515,105.77,-7.54,,專賣局臺南支局,1941,國立臺灣大學圖書館,臺灣總督府專賣局《臺灣酒專賣史》下卷,1901年總督府在臺灣設置專賣局，下設支局。原本設在鹽埕的「臺南鹽務局」改稱臺南支局，負責處理鹽的專賣事務。二戰後該處曾為臺灣製鹽總廠臺南鹽場鹽埕場務所。,,tnch1500077,tainan_old_photos/photos/077_1500077_專賣局臺南支局.png,p_1500077,tainan_old_photos/thumbnails/077_1500077_專賣局臺南支局.png,s_1500077
78,1500078.png,23.004047,120.213383,347.21,-5.27,,臺南第一中學校,1923,國立臺灣大學圖書館,臺北市役所《行啟記念寫真帖》,1922年總督府頒布「新臺灣教育令」，在中學教育上實行「內臺共學制」，藉以促進融合與節省費用，因此僅招收日人的臺南中學校也更名為臺南第一中學校。圖為1923年裕仁天皇來臺巡視訪查期間留下的活動照片。,,tnch1500078,tainan_old_photos/photos/078_1500078_臺南第一中學校.png,p_1500078,tainan_old_photos/thumbnails/078_1500078_臺南第一中學校.png,s_1500078
79,1500079.png,23.004004,120.213599,331.34,-0.37,,臺南第一中學校,1895-1945,中央研究院臺灣史研究所,費邁克集藏〈臺南第一中學校〉,設立於1914年，是臺灣第二所官設中學。照片中校舍本館俗稱「紅樓」，改建後目前僅留存南邊的主入口。講堂建於1918年，仍大致維持原貌，屬於臺灣少見的仿羅馬式樣。,,tnch1500079,tainan_old_photos/photos/079_1500079_臺南第一中學校.png,p_1500079,tainan_old_photos/thumbnails/079_1500079_臺南第一中學校.png,s_1500079
80,1500080.png,22.987366,120.206666,191.87,-3.40,,臺南第一高等女學校,1930,國立臺灣大學圖書館,小山權太郎編纂《臺南市大觀》,臺南高等女學校成立於1917年，初期僅招收日人子弟，之後才開放臺灣學生就讀，1922年更名為臺南州立臺南第一高等女學校。照片中的自強樓當時為行政及教學用途，入口門廊四面皆有拱圈，正面上方的圓山牆獨具特色。,,tnch1500080,tainan_old_photos/photos/080_1500080_臺南第一高等女學校.png,p_1500080,tainan_old_photos/thumbnails/080_1500080_臺南第一高等女學校.png,s_1500080
81,1500081.png,22.993738,120.205250,257.36,-9.26,,臺南測候所,1899,中央研究院臺灣史研究所,臺灣總督府臺北測候所《臺灣氣象報文》第一,建於1897年，是當時臺灣總督府用以掌握氣象狀況的設施。外觀以中央風力塔為中心，環繞十八角形磚造房舍。空間由三個同心圓組成，一、二兩圈之間是走道，二、三之間另有中央通道與辦公室。,,tnch1500081,tainan_old_photos/photos/081_1500081_臺南測候所.png,p_1500081,tainan_old_photos/thumbnails/081_1500081_臺南測候所.png,s_1500081
82,1500082.png,22.993502,120.205215,310.73,-4.83,,臺南測候所,1930,國立臺灣大學圖書館,小山權太郎編纂《臺南市大觀》,臺灣總督府通信課長土居通豫籌畫臺灣的氣象觀測機構，臺南測候所便是首批設立的氣象設施之一。測候所的外觀十分特殊，中央白色圓塔高約兩層樓、俗稱「胡椒管」。,,tnch1500082,tainan_old_photos/photos/082_1500082_臺南測候所.png,p_1500082,tainan_old_photos/thumbnails/082_1500082_臺南測候所.png,s_1500082
83,1500083.png,22.987912,120.207928,260.29,-0.70,,開山神社,1938,中央研究院臺灣史研究所,山崎鋆一郎著《臺灣の風光》,前身為1662年民間所籌建的「開山王廟」，主祀鄭成功。日治時期稱為開山神社，戰後改成「延平郡王祠」。目前所見中國北方宮殿式樣乃是改建後的樣貌，已非當時的福州式建築。,,tnch1500083,tainan_old_photos/photos/083_1500083_開山神社.png,p_1500083,tainan_old_photos/thumbnails/083_1500083_開山神社.png,s_1500083
84,1500084.png,22.987802,120.208062,274.94,-6.62,,開山神社,1914,中央研究院臺灣史研究所,臺灣寫真會發行《臺灣寫真帖》第參集,明鄭時期的「開山王廟」，清領時官民在境內籌建福州式建築。日治時期該處被列入縣社，改稱「開山神社」。,,tnch1500084,tainan_old_photos/photos/084_1500084_開山神社.png,p_1500084,tainan_old_photos/thumbnails/084_1500084_開山神社.png,s_1500084
85,1500085.png,22.987976,120.208370,254.26,-5.24,,開山神社,1935,國立臺灣圖書館,臺日社臺南支局出版《臺南市要覽》,延平郡王祠在日治時期稱為開山神社，是日人在臺最早設立的神社，期間增建了拜殿與鳥居，還曾歷經大規模的改建。,,tnch1500085,tainan_old_photos/photos/085_1500085_開山神社.png,p_1500085,tainan_old_photos/thumbnails/085_1500085_開山神社.png,s_1500085
86,1500086.png,23.011275,120.223031,258.29,-0.59,,開元寺,1915,中央研究院臺灣史研究所,臺灣寫真會發行《臺灣寫真帖》第五集,開元寺原是鄭成功之子鄭經建立的私人宅邸，稱為北園別館，1690年更建為「海會寺」。建築格局是臺灣少見的「伽藍七堂」，伽藍意為「寺院」，七堂則是佛寺的配置之一。,,tnch1500086,tainan_old_photos/photos/086_1500086_開元寺.png,p_1500086,tainan_old_photos/thumbnails/086_1500086_開元寺.png,s_1500086
87,1500087.png,23.011462,120.223005,258.22,-2.21,,開元寺,1895-1945,中央研究院臺灣史研究所,費邁克集藏〈臺南‧風雅なる開元寺〉,佛教自明鄭時期傳入臺灣。開元寺是臺灣第一座官建佛寺，前身為鄭經的承天府行臺（北園別館）。照片中為佛寺的出入口「三川門」，造型樸實，屋頂裝飾雙龍護塔，有鎮壓火災之意。,,tnch1500087,tainan_old_photos/photos/087_1500087_開元寺.png,p_1500087,tainan_old_photos/thumbnails/087_1500087_開元寺.png,s_1500087
88,1500088.png,22.991679,120.193525,294.31,-13.04,,開門樓,1930,國立臺灣大學圖書館,小山權太郎編纂《臺南市大觀》,位於南勢街（市區改正後為新町）的開門樓為日治初期即設立的遊廓，為日式貸座敷，所在之處為當時的花街柳巷，許多遊女在此攬客。,,tnch1500088,tainan_old_photos/photos/088_1500088_開門樓.png,p_1500088,tainan_old_photos/thumbnails/088_1500088_開門樓.png,s_1500088
89,1500089.png,22.989144,120.204265,191.16,-2.07,,愛國婦人會臺灣本部臺南州支部,1941,國立臺灣大學圖書館,愛國婦人會臺灣本部《愛國婦人會臺灣本部沿革誌》,愛國婦人會總部位在東京，初期從事勞軍活動，其後也包括社會服務。臺南支部設立於1904年，現址建築落成時間為1940年，包括前棟兩層樓的會館以及後棟的講習室。,,tnch1500089,tainan_old_photos/photos/089_1500089_愛國婦人會臺灣本部臺南州支部.png,p_1500089,tainan_old_photos/thumbnails/089_1500089_愛國婦人會臺灣本部臺南州支部.png,s_1500089
90,1500090.png,23.000019,120.203200,11.64,-9.74,,臺南慈惠堂,1933,國立臺灣大學圖書館,臺灣總督府文教局《臺灣社會事業要覽》,清代時為地方仕紳設立的義塚、普濟堂、育嬰堂等救濟措施，日治時期合併為慈惠院，掌管救濟事業、偏遠醫療、盲啞教育等職能，於1928年在寶町一丁目興建新院舍，設有診療所、療養院、病患收容所，現為臺南仁愛之家。,,tnch1500090,tainan_old_photos/photos/090_1500090_臺南慈惠堂.png,p_1500090,tainan_old_photos/thumbnails/090_1500090_臺南慈惠堂.png,s_1500090
91,1500091.png,22.995673,120.205703,150.23,-10.26,,臺南圖書館,1930,國立臺灣大學圖書館,小山權太郎編纂《臺南市大觀》,建於1919年，位在當時臺南公館（明鄭時期吳園所在地）的西北角，為臺南公共圖書館之濫觴。戰後，臺南州分成五個縣市，各自發展其圖書館事業。直到70年代，才將館舍遷至目前臺南公園境內。,,tnch1500091,tainan_old_photos/photos/091_1500091_臺南圖書館.png,p_1500091,tainan_old_photos/thumbnails/091_1500091_臺南圖書館.png,s_1500091
92,1500092.png,22.996775,120.197535,150.60,-7.45,,臺南友信會,1930,國立臺灣大學圖書館,小山權太郎編纂《臺南市大觀》,於1913年設立的臺南友信會為地方互助信用組合，提供存款與小額貸款服務，會員以經商者為主，原會址設在南勢街，建築正面半圓型外牆上裝飾以「友信」二字，戰後改為臺南市第二信用合作社。,,tnch1500092,tainan_old_photos/photos/092_1500092_臺南友信會.png,p_1500092,tainan_old_photos/thumbnails/092_1500092_臺南友信會.png,s_1500092
93,1500093.png,22.992379,120.204477,187.78,-10.25,,臺南廳,1916,中央研究院臺灣史研究所,臺灣總督府編《共進會記念臺灣寫真帖》,臺南廳於1910年代市區改正時，原有廳舍遭風雨受損，因而籌建新臺南廳舍，由總督府技師森山松之助設計、井手薰監督，選址購地於三界壇街、牛屎埕街一帶，將該區原有的民居、寺廟與臺灣銀行宿舍拆除後興建新廳舍，正面主建築於1916年落成啟用。,,tnch1500093,tainan_old_photos/photos/093_1500093_臺南廳.png,p_1500093,tainan_old_photos/thumbnails/093_1500093_臺南廳.png,s_1500093
94,1500094.png,22.992216,120.204837,220.02,-12.29,,臺南州廳,1935,國立臺灣圖書館,臺日社臺南支局出版《臺南市要覽》,臺南州廳主建築於1916年完工後，占地約三百八十坪，為原先設計的三分之一，臺南廳長、庶務課、財物課與農會均遷至此地辦公，後來又繼續增建，由臺北的桂商會負責建築工事，於1920年竣工，前後建築總經費為五十七萬圓。,,tnch1500094,tainan_old_photos/photos/094_1500094_臺南州廳.png,p_1500094,tainan_old_photos/thumbnails/094_1500094_臺南州廳.png,s_1500094
95,1500095.png,22.992412,120.204599,205.36,-9.23,,臺南州廳,1912-1926,中央研究院臺灣史研究所,費邁克集藏〈臺南州廳〉,臺南州廳為馬薩式樣建築，造型古典莊重，建築主體為鋼筋混凝土搭配紅磚，屋頂有牛眼窗與老虎窗，正門入口設有十二根立柱，有圓柱、方柱與方壁柱三種型式，兩側有圓型衛塔，外牆下部為洗石子，上部為紅磚，二戰時曾遭美軍轟炸。,,tnch1500095,tainan_old_photos/photos/095_1500095_臺南州廳.png,p_1500095,tainan_old_photos/thumbnails/095_1500095_臺南州廳.png,s_1500095
96,1500096.png,22.991458,120.204871,304.67,-10.63,,臺南市役所,1930,國立臺灣大學圖書館,小山權太郎編纂《臺南市大觀》,臺南於1920年實施市制，首任市尹為荒卷鐵之助，起初臺南市役所的辦公地點位於臺南州廳，負責農業、工業、商業、金融、警察、水電、交通、教育、衛生等等各項業務，1930年遷址到當時的高等商業學校舊校舍。,,tnch1500096,tainan_old_photos/photos/096_1500096_臺南市役所.png,p_1500096,tainan_old_photos/thumbnails/096_1500096_臺南市役所.png,s_1500096
97,1500097.png,22.996869,120.212076,57.99,-13.10,,臺南驛,1939,中央研究院臺灣史研究所,臺灣總督府交通局鐵道部《風光台湾》,臺南車站為折衷式樣建築，整體外觀為現代主義的簡潔風格，搭配局部古典裝飾元素，另包含旅店、商店、地下道等設施，照片中可看到臺南車站前的大榕樹，以及巴士、汽車、腳踏車、人力車等各種交通工具。,,tnch1500097,tainan_old_photos/photos/097_1500097_臺南驛.png,p_1500097,tainan_old_photos/thumbnails/097_1500097_臺南驛.png,s_1500097
98,1500098.png,22.997346,120.212163,101.55,-2.08,,臺南驛,1913,國立臺灣大學圖書館,臺灣總督府《The Statistical Summary of Taiwan》,臺灣西部縱貫鐵路於1899年開始從南北兩頭鋪設，負責建設的鐵道部長為長谷川謹介，第一代臺南車站為木造建築，於1900年年底啟用，營運臺南到高雄之間的鐵路交通，西部縱貫鐵路於1908年全線通車。,,tnch1500098,tainan_old_photos/photos/098_1500098_臺南驛.png,p_1500098,tainan_old_photos/thumbnails/098_1500098_臺南驛.png,s_1500098
99,1500099.png,22.996811,120.212058,61.82,-2.75,,臺南驛,1930,國立臺灣大學圖書館,小山權太郎編纂《臺南市大觀》,臺南車站位於市區東北側，鐵路開通後成為臺南市的玄關，年度載客量可達百萬人次，同時也是南部地區大宗貨物的集散地，運送木材、稻米、煤炭、魚乾等物資，照片中可看到臺南車站前的大榕樹。,,tnch1500099,tainan_old_photos/photos/099_1500099_臺南驛.png,p_1500099,tainan_old_photos/thumbnails/099_1500099_臺南驛.png,s_1500099
100,1500100.png,22.997063,120.212109,85.83,-5.88,,臺南驛,1939,國立臺灣圖書館,臺南市役所《台南市要览》,第二代臺南車站由宇敷赳夫設計，為因應西部縱貫鐵路雙軌化而重建，於1936年完工，為鋼筋混凝土建築，部分建材採用了原有的舊鐵軌，設有食堂、會議室、貴賓室、旅店、商店，以及電燈、電話、號誌、擴音設備等設施，建築費用總共為四十萬圓。,,tnch1500100,tainan_old_photos/photos/100_1500100_臺南驛.png,p_1500100,tainan_old_photos/thumbnails/100_1500100_臺南驛.png,s_1500100
101,1500101.png,22.997171,120.212165,90.68,-10.05,,臺南驛,1895-1945,中央研究院臺灣史研究所,費邁克集藏〈（臺南名所）臺南驛全景、臺南銀座通り〉,臺灣西部縱貫鐵路中南部段於1927年展開複線工程，高雄到臺南段於1933年完工，可增開列車班次以載運更多旅客，臺南車站也隨之改建，當時的火車座位分為三等，票價隨等次倍增，西部縱貫鐵路的主要車站包含基隆、臺北、臺中、嘉義、高雄、屏東。,,tnch1500101,tainan_old_photos/photos/101_1500101_臺南驛.png,p_1500101,tainan_old_photos/thumbnails/101_1500101_臺南驛.png,s_1500101
102,1500102.png,22.997216,120.212169,100.25,-6.98,,臺南驛,1895-1945,中央研究院臺灣史研究所,費邁克集藏〈臺南名勝繪葉書〉,臺南車站是臺南市聯外的交通要道，許多旅客搭乘火車到此遊覽觀光，在當時的旅遊指南書中，臺南車站的章節往往搭配臺南市介紹，包含著名商店、餐廳旅館、名勝古蹟等等，照片中可看到臺南車站正面的時鐘。,,tnch1500102,tainan_old_photos/photos/102_1500102_臺南驛.png,p_1500102,tainan_old_photos/thumbnails/102_1500102_臺南驛.png,s_1500102
103,1500103.png,22.997374,120.212057,261.57,-8.77,,臺南驛前,1930,國立臺灣大學圖書館,小山權太郎編纂《臺南市大觀》,臺南車站前的廣場，右前方的道路通往明治町，現為成功路，最右方的建築為三井物產，戰後改為中華日報，中間的日式建築為東屋旅館，負責人為山口富太，現址為臺南大飯店。,,tnch1500103,tainan_old_photos/photos/103_1500103_臺南驛前.png,p_1500103,tainan_old_photos/thumbnails/103_1500103_臺南驛前.png,s_1500103
104,1500104.png,22.993855,120.211709,316.10,-1.47,,臺南州立臺南盲啞學校,1895-1945,中央研究院臺灣史研究所,費邁克集藏〈臺南州立 臺南盲啞學校〉,盲啞學校源於1891年甘為霖神父創辦的訓瞽堂，其後在神父的奔走下由臺南慈惠院設立盲人教育部，並於1915年成立臺南盲啞學校，七年後由臺南州廳接管，改稱為臺南州立臺南盲啞學校。現為國立臺南大學附屬啟聰學校。,,tnch1500104,tainan_old_photos/photos/104_1500104_臺南州立臺南盲啞學校.png,p_1500104,tainan_old_photos/thumbnails/104_1500104_臺南州立臺南盲啞學校.png,s_1500104
105,1500105.png,22.992630,120.212788,88.04,-8.76,,臺南州知事官邸,1895-1945,中央研究院臺灣史研究所,費邁克集藏，SEIUNDO PRINTING CO. LTD.〈知事官邸（臺南州）〉,最初為臺南縣知事官邸，日治時期歷經多次地方改制，用途或名稱上皆有所變化。其中1920年臺南廳改為臺南州，宅邸除了繼續作為知事官邸，還是當時總督或皇族的下榻之處。,,tnch1500105,tainan_old_photos/photos/105_1500105_臺南州知事官邸.png,p_1500105,tainan_old_photos/thumbnails/105_1500105_臺南州知事官邸.png,s_1500105
106,1500106.png,22.992596,120.212950,86.56,-6.45,,臺南總督官邸,1908,中央研究院臺灣史研究所,臺灣總督府官房文書課編《臺灣寫真帖》,建於1900年，正面入口處上方原為巴洛克風格的弧形山頭，但戰後遭到損毀，目前所見為簡單的山牆。2002年，相關研究人員在屋內中脊大樑上發現日人當時釘掛的「棟札」，就此證實了官邸的建造日期及原始名稱。,,tnch1500106,tainan_old_photos/photos/106_1500106_臺南總督官邸.png,p_1500106,tainan_old_photos/thumbnails/106_1500106_臺南總督官邸.png,s_1500106
107,1500107.png,22.990372,120.202380,269.77,-5.89,,臺南神社,1939,中央研究院臺灣史研究所,臺灣總督府交通局鐵道部《風光台湾》,落成於1923年，位於紀念北白川宮能久親王的「御遺跡所」東側，主祭神即是神格化的北白川宮親王。神社外苑東北角的武德殿建於1936年，緊鄰孔廟，是當時日人宣揚傳統武道的場所，目前是忠義國小的禮堂。,,tnch1500107,tainan_old_photos/photos/107_1500107_臺南神社.png,p_1500107,tainan_old_photos/thumbnails/107_1500107_臺南神社.png,s_1500107
108,1500108.png,22.990227,120.202348,278.99,8.48,,臺南神社,1938,中央研究院臺灣史研究所,山崎鋆一郎著《臺灣の風光》,臺南神社腹地廣闊，包括內苑及外苑，照片中大鳥居即位於內苑入口處。戰後，內苑幾經變遷，從忠烈祠、體育館到目前的公園及地下停車場，外苑則在1950年代初期改為忠義國小至今，校園內還留存日治時期建造的武德殿。,,tnch1500108,tainan_old_photos/photos/108_1500108_臺南神社.png,p_1500108,tainan_old_photos/thumbnails/108_1500108_臺南神社.png,s_1500108
109,1500109.png,22.989855,120.200763,10.10,-3.12,,北白川宮臺南御遺跡地,1914,中央研究院臺灣史研究所,臺灣寫真會發行《臺灣寫真帖》第貳集,日本皇族北白川宮能久親王於1895年率軍來臺，後病逝於臺南莊雅橋（磚雅橋）旁的吳汝祥宅邸，當局於1901年著手將此地興建為臺南御遺跡所，保留親王病逝時的寢室，修築拜殿與華表，並附設博物館，於翌年完工。,,tnch1500109,tainan_old_photos/photos/109_1500109_北白川宮臺南御遺跡地.png,p_1500109,tainan_old_photos/thumbnails/109_1500109_北白川宮臺南御遺跡地.png,s_1500109
110,1500110.png,22.993343,120.203157,322.61,-10.16,,臺南郵便局,1915,中央研究院臺灣史研究所,臺灣總督府民政部編《記念臺灣寫真帖》,建於1910年，由森山松之助所設計，建築物兩側的衛塔十分醒目。郵便局在戰後仍持續其業務，但於1973年遭到拆除，現為中華電信機房。,,tnch1500110,tainan_old_photos/photos/110_1500110_臺南郵便局.png,p_1500110,tainan_old_photos/thumbnails/110_1500110_臺南郵便局.png,s_1500110
111,1500111.png,22.993530,120.202344,47.17,-4.99,,臺南郵便局,1912,國立臺灣大學圖書館,山川岩吉編《臺灣大觀》,日治時期，時任臺灣總督府營繕課技師的森山松之助在臺灣設計了多座官廳建築，臺南郵便局便是他1910年的作品。,,tnch1500111,tainan_old_photos/photos/111_1500111_臺南郵便局.png,p_1500111,tainan_old_photos/thumbnails/111_1500111_臺南郵便局.png,s_1500111
112,1500112.png,22.993237,120.203257,318.48,-7.84,,臺南郵便局,1930,國立臺灣大學圖書館,小山權太郎編纂《臺南市大觀》,建於1910年，屬於大型的官廳建築，設計者為森山松之助。正面兩側的衛塔一度失去蹤影，建築本體於1973年遭到拆除。,,tnch1500112,tainan_old_photos/photos/112_1500112_臺南郵便局.png,p_1500112,tainan_old_photos/thumbnails/112_1500112_臺南郵便局.png,s_1500112
113,1500113.png,22.993385,120.202997,337.38,-7.15,,臺南郵便局,1895-1945,中央研究院臺灣史研究所,費邁克集藏〈臺灣臺南郵便局〉,臺南郵便局在當時可說是非常宏偉醒目的官廳建築，和日後1919年落成的臺灣總督府同屬於「辰野式風格」，外觀都有著紅磚與灰白色橫條飾帶。除了本局，市內還設立了六間支局。,,tnch1500113,tainan_old_photos/photos/113_1500113_臺南郵便局.png,p_1500113,tainan_old_photos/thumbnails/113_1500113_臺南郵便局.png,s_1500113
114,1500114.png,22.992395,120.205473,125.24,-7.63,,臺南市歷史館,1939,國立臺灣圖書館,臺南市役所《台南市要览》,由臺南市土木課於1936年設計興建的二層樓建築，耗資三萬圓，外觀為現代建築結合東方屋頂的近世式建築風格，於翌年完工，用於展示臺灣歷史文物，展覽品有朱印狀、熱蘭遮城模型、鄭成功像、臺灣古地圖、黑旗軍軍旗等等。,,tnch1500114,tainan_old_photos/photos/114_1500114_臺南市歷史館.png,p_1500114,tainan_old_photos/thumbnails/114_1500114_臺南市歷史館.png,s_1500114
115,1500115.png,22.992226,120.205397,80.96,-9.69,,臺南歷史館,1895-1945,中央研究院臺灣史研究所,費邁克集藏，Manufactured By TAISHO〈（臺南名所）臺南歷史館〉,臺灣史料館原設於安平，在臺灣博覽會時借用商品陳列館作為臺灣歷史館展覽之用，後於臺南州廳旁興建臺南歷史館，首任主任為齋藤悌亮，館內依年代展出高砂時代、荷蘭時代、鄭氏時代、清領時代與日治時代的史料文物，樓梯掛有由小早川篤四郎繪製的二十張臺灣歷史畫。館舍於二戰時遭美軍轟炸損毀。,,tnch1500115,tainan_old_photos/photos/115_1500115_臺南歷史館.png,p_1500115,tainan_old_photos/thumbnails/115_1500115_臺南歷史館.png,s_1500115
116,1500116.png,22.995042,120.207761,16.40,-13.11,,臺南醫院,1912,國立臺灣大學圖書館,山川岩吉編《臺灣大觀》,源自1895年日人以清代巡道衙署作為政廳，內部設置醫局。隔年成立臺南病院，此後數次改制更名，擴充病室與醫院用地。1901年由永福國小南側遷至現址，二戰時多數院舍及設備遭炸燬，戰後重建，現為衛生福利部臺南醫院。,,tnch1500116,tainan_old_photos/photos/116_1500116_臺南醫院.png,p_1500116,tainan_old_photos/thumbnails/116_1500116_臺南醫院.png,s_1500116
117,1500117.png,22.992836,120.197997,160.01,-8.46,,臺灣南部無盡株式會社,1930,國立臺灣大學圖書館,小山權太郎編纂《臺南市大觀》,設立於1926年，承接大正無盡株式會社因經營不善解散後的債權債務，提供南部一般民眾與中小農工商業金融服務，在嘉義、高雄、屏東均設有分店。戰後與臺灣其他三家無盡會社合併改組，現為臺灣中小企業銀行。,,tnch1500117,tainan_old_photos/photos/117_1500117_臺灣南部無盡株式會社.png,p_1500117,tainan_old_photos/thumbnails/117_1500117_臺灣南部無盡株式會社.png,s_1500117
118,1500118.png,22.994127,120.203294,145.57,-3.85,,臺灣商工銀行臺南支店,1930,國立臺灣大學圖書館,小山權太郎編纂《臺南市大觀》,以開發臺灣中南部產業為目的，於1910年在屏東設立，創業時資本額為百萬圓，後來陸續合併了臺灣貯蓄銀行、新高銀行、嘉義銀行，但在1920年代遭受經濟不景氣的衝擊而縮減規模。戰後改組，現為第一商業銀行。,,tnch1500118,tainan_old_photos/photos/118_1500118_臺灣商工銀行臺南支店.png,p_1500118,tainan_old_photos/thumbnails/118_1500118_臺灣商工銀行臺南支店.png,s_1500118
119,1500119.png,22.994584,120.201494,75.67,-9.11,,臺灣銀行臺南支店,1913,中央研究院臺灣史研究所,臺灣銀行《漢譯臺灣銀行十年志》,日本國會於1897年通過《臺灣銀行法》，殖民政府旋即展開籌備臺灣銀行的工作。臺南支店於1899年10月初開業，為樓高兩層的圓頂建築，是當時的地標。,,tnch1500119,tainan_old_photos/photos/119_1500119_臺灣銀行臺南支店.png,p_1500119,tainan_old_photos/thumbnails/119_1500119_臺灣銀行臺南支店.png,s_1500119
120,1500120.png,22.994804,120.201576,109.90,-14.67,,臺灣銀行臺南支店,1939,中央研究院臺灣史研究所,名倉喜作編纂《臺灣銀行四十年誌》,1920年，臺南改制成臺南市，臺灣銀行臺南支店所在的「下橫街」則改為「大宮町」（今永福路一帶）。日治時期的臺灣銀行除了臺北本行，全臺灣還包括十五間支店，臺南支店於1899年10月開業。,,tnch1500120,tainan_old_photos/photos/120_1500120_臺灣銀行臺南支店.png,p_1500120,tainan_old_photos/thumbnails/120_1500120_臺灣銀行臺南支店.png,s_1500120
121,1500121.png,22.994541,120.201479,67.01,-10.11,,臺灣銀行臺南支店,1910,國立臺灣大學圖書館,臺灣銀行《臺灣銀行十年志》,位於下橫街，光復後臺銀先後接收三和銀行及臺灣儲蓄銀行的兩間臺南支店，並遷往府前路、開山路口。原址目前為華南銀行臺南分行。,,tnch1500121,tainan_old_photos/photos/121_1500121_臺灣銀行臺南支店.png,p_1500121,tainan_old_photos/thumbnails/121_1500121_臺灣銀行臺南支店.png,s_1500121
122,1500122.png,22.993080,120.208876,10.86,-8.38,,臺南憲兵分隊,1930,國立臺灣大學圖書館,小山權太郎編纂《臺南市大觀》,日治初期臺灣總督府即設置了直轄的臺灣憲兵隊，負責掃蕩討伐匪徒，執行司法警察事務，包含臺北、彰化、臺南、鳳山四個區隊，編制三千餘名憲兵；後來又改組為臺北、臺中、臺南三個分隊，直屬中央，在總督府統治穩固後逐漸裁減。,,tnch1500122,tainan_old_photos/photos/122_1500122_臺南憲兵分隊.png,p_1500122,tainan_old_photos/thumbnails/122_1500122_臺南憲兵分隊.png,s_1500122
123,1500123.png,22.994236,120.199863,177.26,-11.67,,戎館,1930,國立臺灣大學圖書館,小山權太郎編纂《臺南市大觀》,戎館（戎座）原為宮古座附屬的電影院，於1912年興建，原址在內新街，經常放映中國影片以招攬臺灣觀眾。後因年久失修，於1934年搬遷改建於田町世界館斜對面，設有舞臺可兼作戲劇表演之用，能容納八百名觀眾，戰後改名為赤崁戲院。,,tnch1500123,tainan_old_photos/photos/123_1500123_戎館.png,p_1500123,tainan_old_photos/thumbnails/123_1500123_戎館.png,s_1500123
124,1500124.png,22.996178,120.202127,358.36,-4.06,,關帝廟,1930,國立臺灣大學圖書館,小山權太郎編纂《臺南市大觀》,相傳為1665年由明鄭寧靖王府的關帝廳改建而成，清雍正5年（1727年）奉旨晉升為「祀典武廟」，俗稱「大關帝廟」，主祀武聖關公。各殿屋脊高低起伏有致，朱紅山牆綿延不絕，氣勢壯觀且極具美感。國定古蹟。,,tnch1500124,tainan_old_photos/photos/124_1500124_關帝廟.png,p_1500124,tainan_old_photos/thumbnails/124_1500124_關帝廟.png,s_1500124
125,1500125.png,22.992270,120.204751,296.18,-7.44,,警察會館,1895-1945,中央研究院臺灣史研究所,費邁克集藏，第二回臺灣水利大會發行〈南國の名都　臺南の印象〉,合同廳舍的建造分成兩個階段。中央高塔是1930年為了昭和天皇登基所建的「御大典紀念塔」，具消防功能；高塔兩側、樓高三層的建築則於1938年完工，警察會館位於右翼，左翼和端部分別為消防詰所與錦町派出所。現駐有臺南市政府消防局第七大隊中正分隊。,,tnch1500125,tainan_old_photos/photos/125_1500125_警察會館.png,p_1500125,tainan_old_photos/thumbnails/125_1500125_警察會館.png,s_1500125
126,1500126.png,22.990826,120.204796,43.34,-2.93,,臺南警察署,1932,中央研究院臺灣史研究所,臺灣建築會編《臺灣建築會誌》第四輯第二號,臺灣的現代警察制度始於日治時期。警察署落成於1931年底，建築外觀左右對稱，牆壁為磚造，貼有北投窯業所產的面磚。戰後，警察署改為臺南市警察局。2010年縣市合併前夕，警局遷至新營區，而原址後來成為臺南市立美術館預定地。,,tnch1500126,tainan_old_photos/photos/126_1500126_臺南警察署.png,p_1500126,tainan_old_photos/thumbnails/126_1500126_臺南警察署.png,s_1500126
127,1500127.png,22.993779,120.201542,154.78,-1.27,,再生堂醫院,1930,國立臺灣大學圖書館,小山權太郎編纂《臺南市大觀》,再生堂醫院為高再得醫生所建立，他師從來自蘇格蘭的蘭大衛醫生在彰化學醫，後來在臺南開設醫院，主治內科和小兒科，一邊行醫一邊傳教，並參加臺灣文化協會、乘馬會等民間團體，其子為高俊明牧師。,,tnch1500127,tainan_old_photos/photos/127_1500127_再生堂醫院.png,p_1500127,tainan_old_photos/thumbnails/127_1500127_再生堂醫院.png,s_1500127
130,1500130.png,22.998325,120.197417,12.04,-3.30,,榮本商行,1930,國立臺灣大學圖書館,小山權太郎編纂《臺南市大觀》,榮本商行位於永樂町一丁目，代理日本合同油脂グリセリン株式會社製造生產的レコード石鹼（肥皂），為臺灣中南部總代理店。,,tnch1500130,tainan_old_photos/photos/130_1500130_榮本商行.png,p_1500130,tainan_old_photos/thumbnails/130_1500130_榮本商行.png,s_1500130
131,1500131.png,22.993103,120.201035,316.49,-10.53,,榮安齒科醫院,1930,國立臺灣大學圖書館,小山權太郎編纂《臺南市大觀》,榮安齒科位於大宮町一丁目，院長為鄭池，醫院外牆上有「齒」字的紋飾。,,tnch1500131,tainan_old_photos/photos/131_1500131_榮安齒科醫院.png,p_1500131,tainan_old_photos/thumbnails/131_1500131_榮安齒科醫院.png,s_1500131
